customer_id,clv
100001,274.01
100002,924.84
100003,574.05
100004,989.17
100005,322.91
100006,421.15
100007,646.27
100008,1090.27
100009,418.93
100010,623.22
100011,391.29
100012,1243.48
100013,422.69
100014,655.76
100015,571.89
100016,761.46
100017,713.5
100018,659.2
100019,930.63
100020,711.56
100021,771.62
100022,774.6
100023,1117.36
100024,1131.11
100025,1255.9
100026,755.28
100027,758.4
100028,363.02
100029,709.6
100030,974.49
100031,306.31
100032,315.31
100033,418.42
100034,325.96
100035,553.0
100036,374.49
100037,1128.01
100038,415.49
100039,553.93
100040,529.51
100041,690.3
100042,343.24
100043,1033.48
100044,587.08
100045,428.93
100046,260.26
100047,188.53
100048,506.27
100049,800.69
100050,588.94
100051,597.9
100052,1037.58
100053,994.62
100054,640.04
100055,254.81
100056,683.54
100057,310.45
100058,581.37
100059,276.64
100060,506.02
100061,638.86
100062,848.79
100063,1004.05
100064,581.49
100065,1148.84
100066,643.88
100067,865.35
100068,179.33
100069,624.58
100070,614.52
100071,349.69
100072,618.61
100073,752.68
100074,412.54
100075,648.96
100076,622.27
100077,902.59
100078,379.94
100079,740.99
100080,734.12
100081,756.31
100082,1255.54
100083,645.65
100084,565.65
100085,539.0
100086,840.53
100087,486.42
100088,512.4
100089,777.92
100090,295.55
100091,570.45
100092,727.1
100093,508.19
100094,598.57
100095,856.05
100096,693.8
100097,476.45
100098,942.59
100099,648.23
100100,528.62
100101,472.88
100102,351.6
100103,469.37
100104,537.36
100105,794.28
100106,948.01
100107,519.99
100108,491.88
100109,340.24
100110,541.4
100111,417.69
100112,991.65
100113,881.97
100114,544.39
100115,586.63
100116,794.53
100117,890.78
100118,201.95
100119,571.22
100120,779.61
100121,738.25
100122,597.83
100123,702.38
100124,767.9
100125,504.35
100126,513.22
100127,262.66
100128,463.98
100129,693.88
100130,308.95
100131,657.93
100132,804.52
100133,455.1
100134,1171.69
100135,694.4
100136,770.91
100137,790.73
100138,458.34
100139,565.32
100140,498.73
100141,605.3
100142,691.79
100143,319.41
100144,701.45
100145,219.43
100146,506.47
100147,392.43
100148,795.21
100149,577.16
100150,633.39
100151,938.79
100152,535.76
100153,460.11
100154,1205.88
100155,512.48
100156,736.87
100157,745.55
100158,808.94
100159,713.74
100160,615.67
100161,548.2
100162,640.03
100163,634.94
100164,749.96
100165,605.05
100166,535.94
100167,742.98
100168,1050.62
100169,574.59
100170,263.77
100171,730.64
100172,870.77
100173,478.21
100174,428.39
100175,574.3
100176,362.28
100177,486.21
100178,869.7
100179,884.52
100180,658.86
100181,784.45
100182,370.07
100183,406.62
100184,1063.17
100185,415.16
100186,520.03
100187,603.53
100188,553.42
100189,723.98
100190,522.43
100191,304.09
100192,610.69
100193,900.14
100194,50.0
100195,455.14
100196,587.41
100197,836.48
100198,517.22
100199,715.98
100200,436.87
100201,403.44
100202,276.73
100203,222.65
100204,779.04
100205,676.01
100206,697.15
100207,464.67
100208,475.81
100209,898.39
100210,411.04
100211,795.64
100212,678.18
100213,453.47
100214,850.62
100215,1020.53
100216,584.98
100217,410.11
100218,812.86
100219,604.89
100220,375.37
100221,973.84
100222,952.32
100223,719.46
100224,549.6
100225,1203.09
100226,618.95
100227,433.96
100228,1165.75
100229,742.43
100230,300.17
100231,446.16
100232,691.55
100233,963.53
100234,237.71
100235,229.05
100236,440.66
100237,1243.62
100238,939.83
100239,615.74
100240,389.95
100241,523.14
100242,711.98
100243,565.41
100244,328.93
100245,535.63
100246,963.25
100247,499.08
100248,934.71
100249,595.49
100250,644.19
100251,506.38
100252,782.64
100253,651.86
100254,655.08
100255,609.69
100256,492.62
100257,508.97
100258,757.86
100259,824.46
100260,407.43
100261,437.67
100262,807.06
100263,516.55
100264,961.18
100265,676.44
100266,693.23
100267,1149.38
100268,448.37
100269,1001.52
100270,523.1
100271,399.75
100272,190.39
100273,278.48
100274,850.06
100275,458.48
100276,371.46
100277,835.64
100278,617.19
100279,455.62
100280,597.49
100281,411.81
100282,426.39
100283,656.31
100284,366.13
100285,739.94
100286,473.15
100287,735.77
100288,586.08
100289,498.57
100290,689.12
100291,411.76
100292,550.42
100293,418.87
100294,559.55
100295,707.01
100296,637.77
100297,359.65
100298,469.65
100299,1116.61
100300,644.97
100301,404.76
100302,999.84
100303,854.58
100304,819.6
100305,851.8
100306,417.63
100307,804.15
100308,215.39
100309,504.28
100310,912.88
100311,726.82
100312,286.01
100313,1090.82
100314,436.84
100315,680.52
100316,656.61
100317,526.88
100318,547.27
100319,945.86
100320,362.19
100321,638.78
100322,238.6
100323,603.58
100324,754.77
100325,445.81
100326,715.84
100327,501.27
100328,784.52
100329,671.21
100330,400.81
100331,539.47
100332,953.4
100333,894.56
100334,362.21
100335,927.61
100336,820.06
100337,1278.55
100338,664.48
100339,894.97
100340,326.9
100341,790.66
100342,770.86
100343,538.56
100344,880.46
100345,727.0
100346,692.25
100347,896.42
100348,479.11
100349,778.99
100350,557.74
100351,486.45
100352,853.14
100353,563.44
100354,520.52
100355,631.38
100356,446.01
100357,477.38
100358,479.81
100359,388.33
100360,434.79
100361,762.01
100362,1008.36
100363,657.02
100364,374.83
100365,763.85
100366,637.47
100367,411.56
100368,678.92
100369,741.72
100370,554.44
100371,453.98
100372,816.18
100373,777.07
100374,749.14
100375,393.83
100376,742.24
100377,768.64
100378,697.87
100379,706.33
100380,441.64
100381,470.19
100382,1101.29
100383,462.98
100384,285.8
100385,494.66
100386,962.88
100387,635.94
100388,754.18
100389,821.02
100390,418.71
100391,508.0
100392,609.78
100393,1161.52
100394,476.42
100395,900.14
100396,790.4
100397,956.0
100398,665.5
100399,849.58
100400,564.52
100401,620.55
100402,511.97
100403,818.68
100404,297.76
100405,796.79
100406,227.37
100407,821.17
100408,361.37
100409,612.59
100410,321.34
100411,872.09
100412,779.48
100413,497.36
100414,316.15
100415,419.04
100416,755.68
100417,997.99
100418,405.55
100419,1205.55
100420,519.32
100421,698.99
100422,989.95
100423,457.73
100424,802.06
100425,747.49
100426,230.93
100427,537.69
100428,366.29
100429,898.62
100430,492.23
100431,337.92
100432,345.56
100433,884.0
100434,332.94
100435,787.42
100436,696.84
100437,1017.89
100438,557.5
100439,705.19
100440,647.59
100441,871.82
100442,248.28
100443,777.06
100444,310.78
100445,393.94
100446,535.85
100447,316.23
100448,646.61
100449,676.06
100450,739.12
100451,525.87
100452,742.94
100453,470.85
100454,475.29
100455,548.67
100456,481.48
100457,532.49
100458,707.3
100459,406.28
100460,611.96
100461,417.87
100462,1146.99
100463,1271.54
100464,401.68
100465,392.99
100466,516.73
100467,915.19
100468,897.84
100469,548.23
100470,523.09
100471,471.82
100472,306.77
100473,373.99
100474,773.52
100475,953.01
100476,768.87
100477,547.91
100478,687.88
100479,1147.59
100480,548.1
100481,352.23
100482,502.81
100483,380.67
100484,616.53
100485,768.3
100486,929.14
100487,525.67
100488,659.82
100489,744.62
100490,467.52
100491,671.35
100492,183.02
100493,377.07
100494,697.29
100495,463.74
100496,705.42
100497,667.26
100498,279.84
100499,721.16
100500,740.73
100501,716.47
100502,293.4
100503,723.42
100504,918.61
100505,726.4
100506,139.66
100507,321.14
100508,976.4
100509,1284.62
100510,506.32
100511,739.12
100512,422.9
100513,643.6
100514,747.82
100515,388.15
100516,569.37
100517,558.23
100518,605.88
100519,573.38
100520,796.12
100521,684.39
100522,409.77
100523,149.75
100524,487.77
100525,641.83
100526,513.69
100527,351.33
100528,799.65
100529,878.77
100530,825.02
100531,933.16
100532,440.85
100533,448.36
100534,932.23
100535,1023.12
100536,636.38
100537,680.32
100538,446.36
100539,1119.54
100540,465.91
100541,948.54
100542,762.95
100543,1010.39
100544,446.61
100545,711.89
100546,437.94
100547,669.55
100548,793.58
100549,975.56
100550,757.07
100551,312.76
100552,453.05
100553,657.61
100554,415.58
100555,510.52
100556,477.23
100557,743.27
100558,366.64
100559,475.71
100560,789.24
100561,312.17
100562,461.17
100563,1140.48
100564,538.91
100565,737.13
100566,729.78
100567,841.42
100568,268.07
100569,384.95
100570,739.84
100571,584.53
100572,1127.12
100573,458.7
100574,352.14
100575,652.86
100576,648.21
100577,857.53
100578,1010.95
100579,336.62
100580,635.2
100581,553.2
100582,1174.02
100583,694.26
100584,1000.71
100585,407.22
100586,875.27
100587,778.93
100588,461.96
100589,739.9
100590,330.46
100591,289.3
100592,759.22
100593,848.64
100594,587.99
100595,963.29
100596,423.11
100597,657.31
100598,839.64
100599,681.27
100600,1192.49
100601,995.55
100602,762.21
100603,857.93
100604,590.53
100605,636.63
100606,586.28
100607,708.7
100608,423.79
100609,483.22
100610,498.72
100611,564.05
100612,454.36
100613,841.8
100614,1222.14
100615,568.61
100616,703.36
100617,419.16
100618,635.59
100619,633.86
100620,1066.53
100621,517.23
100622,337.28
100623,438.19
100624,799.35
100625,923.98
100626,773.55
100627,426.41
100628,948.98
100629,575.08
100630,544.5
100631,160.64
100632,561.64
100633,352.72
100634,720.03
100635,677.68
100636,730.95
100637,310.86
100638,577.66
100639,1059.37
100640,1011.17
100641,531.93
100642,495.6
100643,424.49
100644,549.81
100645,804.79
100646,495.63
100647,568.9
100648,752.67
100649,420.86
100650,427.08
100651,1116.48
100652,483.03
100653,849.36
100654,574.27
100655,676.17
100656,445.18
100657,312.84
100658,504.1
100659,333.54
100660,865.64
100661,763.33
100662,656.01
100663,698.26
100664,1158.99
100665,448.85
100666,455.92
100667,784.59
100668,519.33
100669,997.15
100670,759.99
100671,574.93
100672,468.53
100673,522.27
100674,694.59
100675,621.89
100676,952.74
100677,652.02
100678,1157.69
100679,664.95
100680,571.06
100681,1043.14
100682,693.59
100683,688.43
100684,716.1
100685,682.86
100686,622.63
100687,574.12
100688,457.74
100689,393.72
100690,754.43
100691,768.61
100692,644.29
100693,750.92
100694,261.63
100695,694.29
100696,692.25
100697,361.1
100698,151.45
100699,577.94
100700,675.4
100701,918.66
100702,727.57
100703,226.46
100704,398.73
100705,149.1
100706,578.14
100707,479.2
100708,335.28
100709,472.67
100710,626.39
100711,705.76
100712,474.2
100713,504.25
100714,304.49
100715,413.46
100716,744.81
100717,715.09
100718,635.77
100719,460.66
100720,214.97
100721,233.22
100722,916.14
100723,742.92
100724,432.3
100725,1075.45
100726,361.77
100727,572.1
100728,940.4
100729,425.11
100730,750.63
100731,974.88
100732,238.41
100733,747.09
100734,199.95
100735,526.96
100736,614.1
100737,735.67
100738,348.91
100739,618.77
100740,552.47
100741,695.74
100742,650.5
100743,460.56
100744,766.87
100745,1026.84
100746,536.96
100747,621.57
100748,414.66
100749,357.98
100750,593.58
100751,740.77
100752,420.47
100753,310.46
100754,539.46
100755,807.02
100756,445.43
100757,676.19
100758,554.68
100759,938.77
100760,504.36
100761,790.56
100762,531.9
100763,805.5
100764,486.03
100765,618.01
100766,531.31
100767,745.71
100768,435.43
100769,653.55
100770,416.37
100771,470.95
100772,648.42
100773,676.21
100774,643.31
100775,374.29
100776,254.36
100777,443.98
100778,458.67
100779,468.89
100780,445.4
100781,541.67
100782,329.32
100783,1038.32
100784,530.89
100785,518.63
100786,900.04
100787,870.38
100788,544.46
100789,708.3
100790,499.74
100791,759.39
100792,994.98
100793,186.63
100794,795.83
100795,965.65
100796,386.75
100797,560.03
100798,531.38
100799,448.03
100800,520.33
100801,727.26
100802,508.44
100803,286.49
100804,1202.65
100805,916.1
100806,163.66
100807,600.05
100808,609.2
100809,895.49
100810,681.11
100811,296.2
100812,612.15
100813,251.02
100814,595.78
100815,320.97
100816,968.64
100817,689.23
100818,861.43
100819,776.14
100820,561.39
100821,510.83
100822,645.1
100823,522.71
100824,725.77
100825,363.53
100826,319.97
100827,815.81
100828,791.51
100829,345.52
100830,805.95
100831,965.59
100832,880.91
100833,462.28
100834,634.22
100835,537.24
100836,682.94
100837,745.39
100838,729.94
100839,872.03
100840,296.42
100841,368.52
100842,786.55
100843,418.25
100844,558.8
100845,563.39
100846,491.49
100847,490.37
100848,1031.34
100849,306.78
100850,661.59
100851,421.91
100852,1096.17
100853,466.06
100854,562.95
100855,308.74
100856,769.31
100857,679.75
100858,335.49
100859,1176.54
100860,780.32
100861,608.01
100862,693.54
100863,244.44
100864,277.8
100865,768.42
100866,590.84
100867,838.19
100868,1005.48
100869,397.14
100870,764.3
100871,607.21
100872,482.05
100873,610.63
100874,560.26
100875,539.76
100876,1170.04
100877,971.34
100878,548.45
100879,326.61
100880,777.3
100881,50.0
100882,338.23
100883,652.14
100884,85.12
100885,865.56
100886,516.14
100887,691.54
100888,416.57
100889,719.66
100890,456.37
100891,550.43
100892,470.95
100893,386.51
100894,604.37
100895,338.97
100896,457.57
100897,494.03
100898,879.51
100899,1029.02
100900,532.47
100901,632.77
100902,482.72
100903,513.07
100904,597.68
100905,518.28
100906,440.23
100907,765.32
100908,632.32
100909,985.12
100910,644.37
100911,467.43
100912,870.44
100913,766.33
100914,397.17
100915,949.72
100916,750.55
100917,533.24
100918,355.11
100919,659.3
100920,619.59
100921,557.84
100922,607.77
100923,957.95
100924,336.01
100925,506.26
100926,307.87
100927,828.08
100928,843.05
100929,659.9
100930,562.41
100931,454.39
100932,887.67
100933,388.89
100934,639.75
100935,288.6
100936,770.34
100937,409.92
100938,502.28
100939,455.98
100940,279.27
100941,451.44
100942,1006.9
100943,877.67
100944,812.44
100945,1041.7
100946,407.14
100947,661.9
100948,504.47
100949,662.69
100950,772.99
100951,615.07
100952,473.98
100953,191.57
100954,487.02
100955,661.0
100956,349.13
100957,709.99
100958,603.23
100959,646.51
100960,972.17
100961,692.09
100962,400.63
100963,754.01
100964,423.61
100965,467.73
100966,503.54
100967,597.47
100968,402.77
100969,586.38
100970,377.94
100971,497.11
100972,1057.18
100973,771.45
100974,541.91
100975,669.54
100976,491.17
100977,579.02
100978,506.03
100979,319.41
100980,700.32
100981,411.74
100982,704.67
100983,484.69
100984,890.98
100985,454.81
100986,347.75
100987,452.71
100988,1142.9
100989,314.26
100990,519.12
100991,482.5
100992,577.57
100993,616.26
100994,928.4
100995,885.17
100996,686.66
100997,540.93
100998,597.14
100999,301.76
101000,588.29
101001,875.62
101002,778.33
101003,357.03
101004,674.34
101005,1073.09
101006,724.88
101007,312.4
101008,282.63
101009,430.69
101010,1040.39
101011,749.01
101012,345.31
101013,418.08
101014,721.34
101015,845.91
101016,524.51
101017,643.83
101018,839.42
101019,781.86
101020,1047.88
101021,987.74
101022,667.34
101023,1050.48
101024,392.22
101025,952.17
101026,497.81
101027,471.46
101028,518.89
101029,717.79
101030,806.07
101031,776.62
101032,287.54
101033,629.22
101034,468.36
101035,584.7
101036,724.2
101037,916.76
101038,607.48
101039,402.31
101040,654.32
101041,818.79
101042,379.38
101043,965.64
101044,240.65
101045,1194.14
101046,276.69
101047,454.11
101048,966.2
101049,527.65
101050,617.72
101051,270.57
101052,527.38
101053,573.82
101054,1037.72
101055,502.73
101056,913.93
101057,487.3
101058,628.46
101059,919.7
101060,803.89
101061,918.56
101062,431.94
101063,202.36
101064,455.73
101065,908.08
101066,612.25
101067,460.42
101068,644.55
101069,736.13
101070,711.88
101071,710.02
101072,1020.54
101073,287.08
101074,1120.14
101075,1285.03
101076,785.49
101077,272.4
101078,556.93
101079,699.7
101080,1006.8
101081,223.53
101082,363.47
101083,1202.74
101084,459.66
101085,534.7
101086,559.94
101087,911.5
101088,1130.14
101089,671.91
101090,620.95
101091,733.42
101092,452.43
101093,380.3
101094,823.35
101095,232.9
101096,291.63
101097,632.37
101098,622.45
101099,874.57
101100,228.08
101101,99.63
101102,788.6
101103,430.42
101104,615.85
101105,286.88
101106,534.44
101107,417.15
101108,470.43
101109,479.28
101110,385.48
101111,428.32
101112,811.98
101113,260.07
101114,726.74
101115,914.43
101116,1129.19
101117,704.64
101118,537.75
101119,772.22
101120,433.51
101121,476.22
101122,1180.43
101123,864.29
101124,1031.74
101125,1123.62
101126,355.86
101127,633.06
101128,394.93
101129,179.16
101130,887.89
101131,629.68
101132,737.23
101133,382.52
101134,422.1
101135,247.88
101136,267.82
101137,519.79
101138,784.07
101139,312.09
101140,295.21
101141,965.27
101142,264.7
101143,406.78
101144,666.15
101145,1011.76
101146,758.96
101147,813.28
101148,1038.91
101149,670.68
101150,852.11
101151,529.92
101152,348.95
101153,646.66
101154,391.67
101155,901.19
101156,807.72
101157,873.67
101158,689.58
101159,716.75
101160,599.31
101161,314.66
101162,373.19
101163,615.84
101164,904.67
101165,503.79
101166,699.83
101167,323.48
101168,279.24
101169,708.09
101170,953.69
101171,922.15
101172,466.06
101173,904.18
101174,539.41
101175,554.13
101176,878.92
101177,1105.29
101178,594.32
101179,781.65
101180,622.04
101181,419.25
101182,1038.46
101183,476.69
101184,796.17
101185,989.69
101186,1011.34
101187,868.75
101188,740.73
101189,749.91
101190,415.28
101191,500.99
101192,668.99
101193,820.25
101194,733.82
101195,1064.09
101196,1081.81
101197,492.46
101198,634.7
101199,568.92
101200,650.14
101201,287.67
101202,689.79
101203,596.42
101204,730.73
101205,814.59
101206,498.14
101207,1119.29
101208,578.8
101209,828.91
101210,942.91
101211,526.66
101212,811.96
101213,488.9
101214,1052.19
101215,372.01
101216,771.69
101217,480.94
101218,667.96
101219,340.43
101220,575.83
101221,753.47
101222,474.78
101223,936.79
101224,685.59
101225,724.69
101226,1081.15
101227,809.81
101228,896.4
101229,778.38
101230,355.71
101231,776.7
101232,720.39
101233,818.18
101234,826.87
101235,526.56
101236,457.34
101237,634.72
101238,437.12
101239,766.91
101240,321.65
101241,362.66
101242,768.57
101243,1072.24
101244,400.36
101245,847.3
101246,366.38
101247,345.41
101248,734.74
101249,615.91
101250,1201.82
101251,513.3
101252,944.35
101253,426.32
101254,1031.88
101255,237.63
101256,878.11
101257,372.25
101258,738.48
101259,973.28
101260,474.11
101261,818.77
101262,419.85
101263,894.78
101264,961.64
101265,325.47
101266,614.04
101267,840.77
101268,947.63
101269,499.64
101270,309.8
101271,845.17
101272,1086.98
101273,1032.85
101274,751.0
101275,498.16
101276,535.92
101277,277.91
101278,272.75
101279,883.11
101280,719.81
101281,678.36
101282,781.18
101283,932.75
101284,784.15
101285,963.73
101286,489.48
101287,272.53
101288,621.71
101289,790.3
101290,399.85
101291,828.75
101292,452.58
101293,418.01
101294,356.6
101295,708.49
101296,572.83
101297,223.23
101298,1020.77
101299,659.3
101300,841.8
101301,533.49
101302,446.41
101303,375.21
101304,623.61
101305,833.77
101306,686.45
101307,247.39
101308,355.5
101309,767.94
101310,514.0
101311,386.73
101312,538.32
101313,753.45
101314,1272.27
101315,525.34
101316,535.78
101317,384.37
101318,763.33
101319,313.57
101320,854.1
101321,456.15
101322,448.11
101323,745.11
101324,866.0
101325,602.62
101326,1169.96
101327,378.73
101328,552.04
101329,395.95
101330,464.89
101331,462.59
101332,896.02
101333,1047.05
101334,655.62
101335,318.34
101336,549.14
101337,868.81
101338,882.65
101339,879.94
101340,501.34
101341,508.28
101342,460.34
101343,605.7
101344,745.85
101345,993.57
101346,533.78
101347,828.47
101348,825.23
101349,771.45
101350,983.45
101351,725.85
101352,758.81
101353,620.51
101354,915.59
101355,469.63
101356,1075.88
101357,616.1
101358,821.73
101359,679.99
101360,508.73
101361,823.22
101362,519.96
101363,920.53
101364,797.44
101365,583.02
101366,638.81
101367,937.56
101368,594.14
101369,611.02
101370,592.7
101371,693.42
101372,578.23
101373,709.45
101374,705.58
101375,391.48
101376,763.48
101377,875.93
101378,1458.2
101379,805.93
101380,939.46
101381,583.16
101382,235.6
101383,333.66
101384,472.63
101385,664.63
101386,652.67
101387,501.38
101388,708.94
101389,882.77
101390,593.29
101391,676.15
101392,496.24
101393,662.19
101394,235.26
101395,838.12
101396,738.2
101397,892.23
101398,892.85
101399,873.64
101400,624.43
101401,1026.89
101402,594.16
101403,450.6
101404,954.88
101405,570.55
101406,1068.18
101407,567.98
101408,880.85
101409,735.72
101410,722.18
101411,593.61
101412,642.49
101413,562.82
101414,1006.62
101415,777.98
101416,751.71
101417,371.62
101418,857.46
101419,570.61
101420,591.93
101421,926.13
101422,786.18
101423,566.18
101424,650.09
101425,307.19
101426,818.14
101427,378.64
101428,235.73
101429,702.85
101430,899.11
101431,738.52
101432,403.31
101433,372.8
101434,415.05
101435,679.3
101436,847.4
101437,353.14
101438,347.64
101439,707.43
101440,463.32
101441,883.69
101442,535.24
101443,675.95
101444,237.94
101445,538.74
101446,355.49
101447,796.74
101448,410.39
101449,802.47
101450,1133.71
101451,797.09
101452,1027.87
101453,1192.58
101454,830.99
101455,754.71
101456,747.09
101457,730.14
101458,617.81
101459,425.21
101460,644.72
101461,375.31
101462,392.3
101463,783.29
101464,332.31
101465,447.1
101466,220.54
101467,321.96
101468,495.93
101469,636.68
101470,1186.76
101471,495.66
101472,472.84
101473,527.37
101474,794.17
101475,829.32
101476,741.94
101477,561.68
101478,759.08
101479,583.02
101480,699.2
101481,1178.21
101482,562.68
101483,612.8
101484,383.91
101485,625.85
101486,1198.49
101487,569.57
101488,445.75
101489,542.93
101490,873.57
101491,322.52
101492,219.66
101493,255.71
101494,915.13
101495,815.05
101496,502.41
101497,455.74
101498,806.78
101499,771.63
101500,568.89
101501,368.73
101502,741.37
101503,367.05
101504,525.59
101505,398.18
101506,987.43
101507,475.72
101508,724.63
101509,765.99
101510,626.46
101511,537.6
101512,451.37
101513,601.64
101514,477.03
101515,363.46
101516,445.22
101517,564.47
101518,630.51
101519,577.94
101520,359.3
101521,257.66
101522,884.2
101523,312.91
101524,596.52
101525,444.02
101526,446.95
101527,496.41
101528,574.44
101529,240.35
101530,766.12
101531,716.54
101532,572.79
101533,380.76
101534,817.24
101535,1100.7
101536,420.48
101537,934.17
101538,876.55
101539,1097.12
101540,801.83
101541,346.44
101542,330.2
101543,400.89
101544,934.77
101545,902.08
101546,442.74
101547,845.6
101548,604.15
101549,259.13
101550,777.85
101551,469.44
101552,588.19
101553,309.09
101554,510.46
101555,936.86
101556,709.98
101557,792.18
101558,351.48
101559,804.6
101560,1039.88
101561,355.9
101562,607.8
101563,381.09
101564,599.95
101565,611.9
101566,678.72
101567,520.04
101568,581.13
101569,470.74
101570,397.2
101571,704.34
101572,434.88
101573,614.63
101574,507.0
101575,532.56
101576,424.21
101577,369.81
101578,734.7
101579,554.8
101580,273.17
101581,247.95
101582,618.02
101583,1145.74
101584,520.99
101585,710.09
101586,828.42
101587,1022.91
101588,874.3
101589,373.83
101590,480.7
101591,787.53
101592,352.01
101593,814.35
101594,551.75
101595,376.12
101596,678.64
101597,529.7
101598,395.89
101599,520.44
101600,928.89
101601,259.96
101602,674.26
101603,501.44
101604,714.17
101605,579.76
101606,906.34
101607,657.99
101608,443.8
101609,786.81
101610,328.35
101611,957.08
101612,530.24
101613,644.82
101614,1239.81
101615,367.47
101616,461.15
101617,1018.37
101618,729.64
101619,223.52
101620,451.18
101621,529.16
101622,494.18
101623,454.82
101624,673.64
101625,487.36
101626,470.68
101627,960.24
101628,684.73
101629,664.34
101630,509.45
101631,693.78
101632,911.05
101633,257.71
101634,428.95
101635,715.54
101636,966.84
101637,1068.73
101638,868.02
101639,587.52
101640,656.82
101641,708.45
101642,611.3
101643,554.82
101644,600.52
101645,517.2
101646,462.18
101647,566.05
101648,322.16
101649,710.17
101650,794.41
101651,1042.32
101652,751.42
101653,803.22
101654,487.7
101655,304.77
101656,471.09
101657,1042.62
101658,481.56
101659,723.91
101660,625.43
101661,959.05
101662,504.48
101663,902.12
101664,729.58
101665,966.15
101666,624.52
101667,821.17
101668,332.1
101669,944.32
101670,735.76
101671,735.68
101672,627.33
101673,1120.73
101674,754.55
101675,385.35
101676,580.77
101677,749.57
101678,771.63
101679,657.99
101680,916.0
101681,921.99
101682,985.9
101683,644.25
101684,729.58
101685,535.95
101686,376.86
101687,465.61
101688,470.83
101689,289.21
101690,1003.98
101691,923.36
101692,699.36
101693,345.06
101694,661.73
101695,879.79
101696,516.74
101697,453.22
101698,638.84
101699,666.06
101700,802.44
101701,979.66
101702,672.71
101703,1183.63
101704,621.36
101705,649.41
101706,777.15
101707,315.13
101708,890.2
101709,591.22
101710,713.76
101711,1037.97
101712,624.65
101713,284.43
101714,384.2
101715,700.55
101716,906.58
101717,828.34
101718,509.44
101719,472.43
101720,533.01
101721,586.48
101722,693.17
101723,248.21
101724,627.0
101725,668.7
101726,1106.31
101727,261.89
101728,326.83
101729,363.13
101730,831.67
101731,461.94
101732,733.23
101733,606.7
101734,854.39
101735,534.83
101736,389.6
101737,674.08
101738,417.3
101739,701.1
101740,858.59
101741,239.48
101742,787.91
101743,436.51
101744,155.04
101745,749.58
101746,795.62
101747,423.24
101748,798.86
101749,671.78
101750,196.03
101751,441.68
101752,721.79
101753,955.42
101754,789.37
101755,605.25
101756,295.44
101757,258.49
101758,309.18
101759,919.58
101760,723.45
101761,316.35
101762,292.26
101763,878.12
101764,453.82
101765,838.56
101766,651.01
101767,702.43
101768,1144.11
101769,423.41
101770,660.2
101771,651.97
101772,690.78
101773,601.98
101774,437.67
101775,468.36
101776,701.15
101777,320.24
101778,475.73
101779,570.15
101780,776.71
101781,673.94
101782,645.41
101783,516.44
101784,484.68
101785,348.9
101786,859.48
101787,685.6
101788,201.77
101789,695.08
101790,856.29
101791,622.86
101792,268.39
101793,769.99
101794,350.01
101795,519.57
101796,845.52
101797,534.08
101798,601.29
101799,498.04
101800,574.32
101801,659.24
101802,634.83
101803,639.09
101804,388.52
101805,466.79
101806,277.94
101807,551.13
101808,341.37
101809,630.14
101810,249.58
101811,465.15
101812,307.63
101813,1042.31
101814,708.39
101815,189.09
101816,430.66
101817,558.21
101818,379.7
101819,748.36
101820,615.61
101821,786.98
101822,736.87
101823,442.0
101824,665.36
101825,1078.63
101826,333.67
101827,500.34
101828,649.19
101829,549.7
101830,915.61
101831,836.29
101832,722.76
101833,963.35
101834,573.55
101835,441.96
101836,469.55
101837,541.51
101838,917.36
101839,733.03
101840,783.43
101841,474.41
101842,645.42
101843,1014.59
101844,806.16
101845,1012.48
101846,801.0
101847,940.09
101848,956.02
101849,430.92
101850,319.66
101851,842.6
101852,561.15
101853,490.93
101854,322.36
101855,1227.16
101856,1133.16
101857,576.44
101858,187.08
101859,686.6
101860,605.28
101861,784.59
101862,600.53
101863,487.27
101864,754.9
101865,411.39
101866,660.52
101867,1107.81
101868,557.91
101869,686.09
101870,833.61
101871,273.58
101872,696.02
101873,358.6
101874,608.05
101875,593.14
101876,242.17
101877,572.15
101878,421.66
101879,609.55
101880,482.5
101881,470.64
101882,715.37
101883,859.47
101884,293.28
101885,331.69
101886,660.78
101887,859.98
101888,957.34
101889,681.54
101890,212.58
101891,368.63
101892,444.63
101893,993.57
101894,733.89
101895,665.38
101896,475.26
101897,196.36
101898,475.55
101899,754.8
101900,1010.74
101901,660.78
101902,657.04
101903,332.08
101904,857.33
101905,721.3
101906,238.49
101907,755.41
101908,529.96
101909,613.66
101910,490.01
101911,318.91
101912,308.4
101913,903.02
101914,634.08
101915,517.94
101916,664.62
101917,984.81
101918,483.84
101919,396.05
101920,547.68
101921,676.21
101922,625.49
101923,273.16
101924,755.18
101925,662.95
101926,540.79
101927,437.78
101928,568.71
101929,1057.11
101930,863.78
101931,993.1
101932,553.63
101933,767.53
101934,594.05
101935,639.05
101936,974.04
101937,572.13
101938,630.02
101939,165.13
101940,731.75
101941,613.93
101942,704.13
101943,450.65
101944,1025.49
101945,308.71
101946,157.19
101947,667.99
101948,618.64
101949,624.76
101950,775.35
101951,679.56
101952,557.96
101953,561.98
101954,762.57
101955,528.54
101956,634.04
101957,591.76
101958,684.89
101959,554.53
101960,394.27
101961,691.73
101962,264.49
101963,787.93
101964,425.91
101965,553.78
101966,590.77
101967,640.96
101968,705.9
101969,285.95
101970,569.37
101971,779.3
101972,396.25
101973,523.62
101974,961.74
101975,740.05
101976,1115.35
101977,363.5
101978,1120.84
101979,813.25
101980,1048.94
101981,339.34
101982,760.74
101983,580.9
101984,720.41
101985,749.42
101986,725.23
101987,638.22
101988,788.78
101989,355.07
101990,813.01
101991,1090.51
101992,348.86
101993,786.63
101994,445.43
101995,425.11
101996,382.33
101997,670.94
101998,469.87
101999,397.92
102000,1066.41
102001,473.09
102002,630.11
102003,705.11
102004,170.54
102005,712.48
102006,854.48
102007,856.87
102008,454.14
102009,712.68
102010,1079.04
102011,532.86
102012,1121.6
102013,848.47
102014,480.42
102015,532.63
102016,670.02
102017,681.21
102018,308.48
102019,736.93
102020,342.07
102021,740.11
102022,369.59
102023,599.29
102024,638.84
102025,589.0
102026,847.47
102027,478.54
102028,465.15
102029,247.45
102030,664.29
102031,976.44
102032,296.11
102033,766.22
102034,897.96
102035,477.89
102036,1186.68
102037,490.42
102038,895.77
102039,803.54
102040,484.21
102041,746.43
102042,638.16
102043,901.5
102044,471.76
102045,1015.8
102046,294.86
102047,505.34
102048,1049.13
102049,470.92
102050,736.39
102051,650.95
102052,278.36
102053,698.75
102054,1081.67
102055,451.81
102056,745.66
102057,495.12
102058,681.48
102059,343.13
102060,815.81
102061,394.65
102062,467.91
102063,1068.94
102064,782.68
102065,443.1
102066,892.76
102067,840.87
102068,789.29
102069,714.87
102070,352.3
102071,694.46
102072,625.97
102073,1043.96
102074,522.1
102075,576.06
102076,572.87
102077,967.34
102078,658.96
102079,463.32
102080,713.45
102081,609.62
102082,712.96
102083,687.34
102084,738.92
102085,789.28
102086,1043.7
102087,444.94
102088,615.46
102089,783.1
102090,353.76
102091,1118.12
102092,673.85
102093,549.11
102094,1099.64
102095,723.51
102096,830.1
102097,258.54
102098,602.2
102099,723.53
102100,403.47
102101,882.76
102102,383.62
102103,833.95
102104,689.35
102105,842.26
102106,465.67
102107,432.59
102108,543.09
102109,631.55
102110,848.02
102111,960.99
102112,951.2
102113,705.55
102114,685.23
102115,664.71
102116,333.86
102117,875.08
102118,880.62
102119,536.1
102120,940.55
102121,1097.97
102122,254.58
102123,818.96
102124,1042.57
102125,894.1
102126,857.4
102127,483.92
102128,821.49
102129,622.34
102130,752.51
102131,811.89
102132,556.34
102133,944.23
102134,676.29
102135,470.86
102136,453.97
102137,632.82
102138,333.08
102139,719.11
102140,223.74
102141,614.36
102142,697.38
102143,746.11
102144,825.28
102145,867.83
102146,675.34
102147,1042.34
102148,435.02
102149,433.48
102150,656.39
102151,377.36
102152,942.31
102153,711.46
102154,633.51
102155,474.83
102156,1009.92
102157,411.88
102158,959.9
102159,673.5
102160,838.18
102161,578.46
102162,627.61
102163,393.98
102164,669.62
102165,395.15
102166,510.0
102167,608.53
102168,933.18
102169,364.37
102170,638.51
102171,604.93
102172,854.64
102173,762.99
102174,868.44
102175,661.46
102176,279.31
102177,367.18
102178,735.98
102179,450.91
102180,457.65
102181,553.54
102182,333.84
102183,179.7
102184,213.04
102185,392.44
102186,636.75
102187,735.73
102188,497.95
102189,775.73
102190,760.26
102191,410.1
102192,1033.57
102193,572.27
102194,680.29
102195,414.72
102196,385.81
102197,1074.44
102198,589.72
102199,529.57
102200,425.56
102201,377.77
102202,724.54
102203,569.25
102204,713.22
102205,693.89
102206,502.36
102207,725.23
102208,634.96
102209,819.85
102210,1012.75
102211,763.76
102212,561.69
102213,915.75
102214,458.66
102215,416.67
102216,719.24
102217,192.31
102218,1225.77
102219,460.53
102220,622.31
102221,213.74
102222,507.25
102223,975.48
102224,523.4
102225,709.01
102226,561.52
102227,641.09
102228,835.55
102229,299.57
102230,625.73
102231,739.84
102232,701.04
102233,606.55
102234,284.07
102235,616.29
102236,674.67
102237,750.89
102238,735.98
102239,483.61
102240,702.0
102241,883.84
102242,764.82
102243,834.97
102244,557.39
102245,574.32
102246,605.18
102247,457.68
102248,995.08
102249,423.98
102250,328.01
102251,301.71
102252,502.93
102253,448.06
102254,817.55
102255,848.1
102256,354.36
102257,802.06
102258,618.76
102259,390.62
102260,751.91
102261,742.12
102262,469.93
102263,712.01
102264,662.06
102265,774.72
102266,856.58
102267,336.8
102268,956.67
102269,541.54
102270,407.79
102271,933.67
102272,503.97
102273,814.37
102274,716.5
102275,503.62
102276,732.53
102277,898.38
102278,550.61
102279,708.8
102280,633.23
102281,951.1
102282,794.24
102283,347.1
102284,178.83
102285,669.13
102286,780.02
102287,674.63
102288,587.72
102289,626.85
102290,999.25
102291,456.04
102292,389.38
102293,716.81
102294,392.01
102295,1168.94
102296,266.79
102297,648.75
102298,494.53
102299,517.74
102300,773.16
102301,621.72
102302,1096.41
102303,450.28
102304,235.75
102305,523.62
102306,221.9
102307,431.45
102308,807.75
102309,605.16
102310,623.87
102311,334.72
102312,920.75
102313,340.96
102314,389.68
102315,786.64
102316,374.05
102317,250.07
102318,630.57
102319,880.89
102320,417.68
102321,421.6
102322,397.85
102323,892.16
102324,397.93
102325,689.5
102326,1003.47
102327,393.07
102328,746.93
102329,689.93
102330,618.42
102331,330.65
102332,827.84
102333,969.91
102334,711.34
102335,504.43
102336,447.63
102337,884.17
102338,412.89
102339,703.37
102340,474.17
102341,587.54
102342,1126.17
102343,616.45
102344,304.81
102345,469.31
102346,726.66
102347,499.55
102348,260.14
102349,682.26
102350,783.72
102351,383.83
102352,1003.51
102353,170.76
102354,894.6
102355,438.96
102356,433.09
102357,701.94
102358,386.02
102359,708.23
102360,640.88
102361,933.87
102362,431.09
102363,554.04
102364,958.57
102365,856.49
102366,718.77
102367,1044.79
102368,606.93
102369,679.83
102370,386.42
102371,446.34
102372,462.99
102373,618.95
102374,542.22
102375,658.93
102376,619.88
102377,1022.75
102378,792.37
102379,506.13
102380,711.65
102381,246.31
102382,217.73
102383,703.95
102384,139.09
102385,500.26
102386,689.94
102387,776.88
102388,932.73
102389,726.33
102390,515.91
102391,532.01
102392,711.45
102393,762.36
102394,911.6
102395,590.7
102396,620.2
102397,291.23
102398,626.74
102399,480.53
102400,923.51
102401,1337.64
102402,715.6
102403,1063.14
102404,573.25
102405,279.92
102406,617.45
102407,253.79
102408,1068.97
102409,688.72
102410,687.82
102411,611.05
102412,460.07
102413,929.52
102414,489.91
102415,683.7
102416,338.12
102417,643.62
102418,324.51
102419,777.02
102420,593.83
102421,279.2
102422,485.69
102423,691.15
102424,561.41
102425,628.29
102426,775.78
102427,522.45
102428,654.08
102429,163.27
102430,740.24
102431,515.98
102432,762.92
102433,286.65
102434,726.13
102435,849.05
102436,787.75
102437,376.79
102438,555.89
102439,458.19
102440,796.23
102441,400.06
102442,436.85
102443,497.76
102444,719.46
102445,548.11
102446,816.53
102447,368.64
102448,763.73
102449,423.65
102450,678.83
102451,335.55
102452,428.82
102453,422.74
102454,432.73
102455,649.73
102456,795.14
102457,798.2
102458,658.73
102459,533.16
102460,256.57
102461,674.12
102462,680.3
102463,644.92
102464,614.44
102465,422.42
102466,769.55
102467,666.3
102468,391.01
102469,812.98
102470,363.32
102471,632.47
102472,773.9
102473,781.87
102474,889.24
102475,508.45
102476,291.24
102477,693.94
102478,330.84
102479,1093.89
102480,815.5
102481,568.3
102482,513.55
102483,869.43
102484,807.56
102485,468.03
102486,1152.64
102487,518.29
102488,519.51
102489,543.61
102490,575.97
102491,319.22
102492,508.05
102493,756.8
102494,692.8
102495,1076.58
102496,528.52
102497,594.12
102498,358.44
102499,872.84
102500,757.84
102501,337.99
102502,571.83
102503,921.01
102504,876.98
102505,436.7
102506,640.07
102507,432.24
102508,728.58
102509,356.14
102510,456.34
102511,439.64
102512,689.5
102513,755.3
102514,730.61
102515,502.58
102516,884.94
102517,552.43
102518,614.89
102519,626.51
102520,385.27
102521,559.46
102522,415.09
102523,748.99
102524,404.56
102525,818.4
102526,1093.84
102527,1097.94
102528,680.71
102529,385.69
102530,420.74
102531,629.96
102532,1190.46
102533,673.74
102534,272.85
102535,578.74
102536,563.25
102537,620.54
102538,856.64
102539,497.71
102540,606.41
102541,436.32
102542,1048.57
102543,309.44
102544,721.48
102545,249.03
102546,958.26
102547,406.44
102548,738.47
102549,719.99
102550,706.77
102551,956.23
102552,656.91
102553,936.58
102554,568.71
102555,738.37
102556,823.11
102557,1009.87
102558,397.54
102559,311.15
102560,502.13
102561,535.43
102562,432.26
102563,575.84
102564,589.91
102565,984.46
102566,455.1
102567,610.42
102568,520.05
102569,462.02
102570,622.27
102571,548.54
102572,733.62
102573,714.37
102574,322.24
102575,819.73
102576,272.97
102577,630.27
102578,362.25
102579,585.8
102580,999.6
102581,866.33
102582,966.73
102583,662.27
102584,1274.27
102585,479.88
102586,1098.63
102587,469.08
102588,321.13
102589,398.19
102590,642.15
102591,1141.85
102592,927.93
102593,1248.48
102594,833.28
102595,499.72
102596,503.05
102597,550.41
102598,483.8
102599,322.94
102600,812.07
102601,587.37
102602,845.88
102603,329.97
102604,513.97
102605,610.47
102606,190.2
102607,872.52
102608,779.03
102609,658.9
102610,443.92
102611,567.21
102612,784.68
102613,713.67
102614,448.61
102615,319.65
102616,276.32
102617,511.42
102618,1208.55
102619,628.2
102620,614.28
102621,793.77
102622,670.51
102623,520.9
102624,671.98
102625,528.63
102626,396.2
102627,589.67
102628,774.28
102629,642.2
102630,488.03
102631,841.38
102632,450.43
102633,941.6
102634,755.84
102635,1046.5
102636,888.04
102637,465.1
102638,495.17
102639,464.74
102640,917.25
102641,724.68
102642,1017.93
102643,521.27
102644,461.63
102645,310.58
102646,279.21
102647,350.79
102648,387.18
102649,1040.09
102650,426.14
102651,274.5
102652,629.35
102653,514.78
102654,830.84
102655,527.22
102656,764.12
102657,478.58
102658,476.08
102659,983.41
102660,527.66
102661,747.45
102662,532.6
102663,671.43
102664,1429.73
102665,247.48
102666,479.55
102667,874.41
102668,456.46
102669,743.55
102670,604.04
102671,264.43
102672,975.26
102673,932.33
102674,495.42
102675,1129.86
102676,812.56
102677,323.89
102678,640.98
102679,973.74
102680,264.73
102681,511.29
102682,572.24
102683,826.77
102684,706.11
102685,825.88
102686,794.25
102687,876.92
102688,469.22
102689,823.8
102690,1014.24
102691,564.09
102692,813.27
102693,859.87
102694,629.54
102695,228.5
102696,207.39
102697,978.67
102698,397.88
102699,857.61
102700,797.9
102701,1035.74
102702,443.0
102703,722.93
102704,888.95
102705,664.48
102706,690.93
102707,832.86
102708,265.61
102709,993.9
102710,882.13
102711,920.6
102712,543.91
102713,1078.2
102714,226.09
102715,579.54
102716,527.03
102717,804.01
102718,587.16
102719,987.18
102720,350.15
102721,1013.17
102722,473.96
102723,808.49
102724,616.81
102725,360.78
102726,248.15
102727,336.12
102728,744.54
102729,435.67
102730,723.57
102731,313.8
102732,827.29
102733,429.82
102734,716.02
102735,456.82
102736,633.61
102737,556.59
102738,653.29
102739,487.08
102740,347.89
102741,919.09
102742,944.38
102743,537.06
102744,568.41
102745,369.48
102746,825.21
102747,473.99
102748,447.49
102749,519.73
102750,595.5
102751,561.84
102752,814.51
102753,385.81
102754,1278.03
102755,804.33
102756,781.71
102757,353.39
102758,386.13
102759,261.47
102760,521.35
102761,574.93
102762,602.09
102763,302.73
102764,787.44
102765,467.05
102766,612.1
102767,339.01
102768,708.86
102769,482.33
102770,676.79
102771,916.01
102772,314.32
102773,629.99
102774,372.17
102775,377.28
102776,469.25
102777,516.79
102778,687.06
102779,348.99
102780,1162.47
102781,673.11
102782,385.79
102783,528.55
102784,511.85
102785,1223.44
102786,521.45
102787,389.11
102788,554.48
102789,803.55
102790,1049.97
102791,557.44
102792,868.56
102793,388.85
102794,437.36
102795,264.73
102796,368.88
102797,930.19
102798,370.5
102799,804.25
102800,784.17
102801,668.01
102802,354.49
102803,743.65
102804,391.06
102805,899.08
102806,364.91
102807,538.4
102808,586.16
102809,382.39
102810,932.08
102811,732.27
102812,913.65
102813,710.14
102814,414.09
102815,1072.72
102816,587.21
102817,718.88
102818,625.59
102819,687.29
102820,753.67
102821,247.81
102822,787.39
102823,987.31
102824,357.76
102825,1011.39
102826,612.01
102827,692.32
102828,509.78
102829,620.5
102830,386.48
102831,1101.41
102832,887.53
102833,627.77
102834,914.67
102835,604.86
102836,481.31
102837,581.81
102838,660.67
102839,591.58
102840,466.62
102841,908.28
102842,985.39
102843,953.92
102844,354.15
102845,664.55
102846,340.15
102847,467.14
102848,765.53
102849,661.95
102850,726.71
102851,592.57
102852,350.11
102853,500.05
102854,817.15
102855,549.15
102856,426.96
102857,655.71
102858,834.5
102859,578.07
102860,323.04
102861,655.19
102862,414.11
102863,459.81
102864,820.47
102865,822.05
102866,279.89
102867,454.26
102868,1362.54
102869,641.34
102870,158.19
102871,716.46
102872,829.46
102873,913.13
102874,960.08
102875,579.49
102876,295.16
102877,501.06
102878,964.43
102879,571.95
102880,496.96
102881,643.26
102882,898.48
102883,727.42
102884,453.64
102885,591.22
102886,325.23
102887,237.88
102888,298.28
102889,479.94
102890,447.51
102891,374.79
102892,405.89
102893,765.12
102894,1154.32
102895,1258.79
102896,437.56
102897,325.14
102898,376.96
102899,481.91
102900,711.85
102901,719.38
102902,723.99
102903,774.64
102904,1150.33
102905,767.91
102906,508.83
102907,910.13
102908,838.5
102909,227.83
102910,917.78
102911,621.8
102912,466.32
102913,644.38
102914,1301.92
102915,275.68
102916,554.05
102917,313.65
102918,480.67
102919,596.29
102920,812.96
102921,711.43
102922,543.85
102923,866.47
102924,606.78
102925,596.86
102926,578.42
102927,590.01
102928,485.93
102929,484.17
102930,588.04
102931,685.64
102932,598.89
102933,734.42
102934,645.7
102935,203.83
102936,649.29
102937,478.37
102938,716.89
102939,1048.11
102940,210.67
102941,507.98
102942,514.43
102943,594.86
102944,924.9
102945,1047.01
102946,348.36
102947,476.57
102948,272.36
102949,437.75
102950,1013.16
102951,514.42
102952,720.55
102953,383.53
102954,412.5
102955,765.42
102956,1020.92
102957,533.09
102958,734.1
102959,599.36
102960,809.55
102961,552.72
102962,1018.12
102963,340.32
102964,764.67
102965,986.05
102966,759.71
102967,536.54
102968,892.66
102969,857.67
102970,380.62
102971,400.85
102972,734.65
102973,947.16
102974,372.61
102975,608.48
102976,375.14
102977,1124.64
102978,989.7
102979,844.91
102980,673.51
102981,526.29
102982,546.21
102983,321.93
102984,391.5
102985,789.01
102986,628.06
102987,648.55
102988,815.75
102989,768.1
102990,368.71
102991,661.98
102992,934.21
102993,683.41
102994,1306.75
102995,558.51
102996,483.12
102997,1001.22
102998,349.0
102999,219.35
103000,763.48
103001,769.24
103002,678.59
103003,548.02
103004,661.95
103005,945.25
103006,836.01
103007,424.74
103008,869.97
103009,435.2
103010,731.16
103011,735.73
103012,640.14
103013,613.49
103014,1009.6
103015,289.82
103016,501.38
103017,326.83
103018,834.98
103019,640.81
103020,414.49
103021,498.25
103022,534.8
103023,453.75
103024,549.84
103025,526.52
103026,650.78
103027,676.22
103028,640.98
103029,341.31
103030,873.29
103031,474.16
103032,614.19
103033,228.65
103034,1007.49
103035,1148.79
103036,601.03
103037,709.15
103038,1025.26
103039,713.63
103040,416.15
103041,342.54
103042,778.13
103043,670.71
103044,718.17
103045,557.85
103046,619.29
103047,558.53
103048,234.44
103049,486.15
103050,827.52
103051,493.56
103052,849.85
103053,572.31
103054,969.41
103055,450.94
103056,323.66
103057,573.86
103058,939.87
103059,580.03
103060,621.28
103061,318.47
103062,451.05
103063,627.89
103064,846.82
103065,885.08
103066,869.28
103067,624.98
103068,455.96
103069,861.55
103070,1188.06
103071,792.8
103072,428.41
103073,440.79
103074,675.78
103075,665.84
103076,963.39
103077,1182.67
103078,956.94
103079,646.08
103080,996.01
103081,833.22
103082,558.66
103083,459.5
103084,724.62
103085,524.17
103086,308.86
103087,834.72
103088,913.24
103089,588.79
103090,835.0
103091,922.89
103092,949.2
103093,379.24
103094,161.86
103095,363.34
103096,436.54
103097,733.0
103098,340.98
103099,706.66
103100,739.8
103101,506.63
103102,673.43
103103,664.97
103104,544.07
103105,552.42
103106,530.93
103107,557.61
103108,481.16
103109,310.22
103110,438.19
103111,745.16
103112,320.96
103113,867.35
103114,723.83
103115,853.54
103116,856.84
103117,572.92
103118,368.86
103119,894.54
103120,894.97
103121,631.92
103122,721.86
103123,284.78
103124,651.54
103125,628.81
103126,435.78
103127,357.99
103128,843.37
103129,751.55
103130,135.32
103131,466.35
103132,338.79
103133,184.01
103134,591.96
103135,431.86
103136,386.76
103137,673.67
103138,533.92
103139,436.28
103140,578.33
103141,365.73
103142,667.31
103143,669.04
103144,392.16
103145,611.53
103146,1058.03
103147,740.58
103148,711.82
103149,792.83
103150,1093.34
103151,552.81
103152,204.28
103153,542.47
103154,868.51
103155,376.44
103156,609.6
103157,622.46
103158,413.74
103159,710.38
103160,515.71
103161,989.27
103162,671.49
103163,382.82
103164,331.86
103165,431.89
103166,650.43
103167,1163.43
103168,441.71
103169,504.47
103170,692.48
103171,881.13
103172,737.61
103173,256.61
103174,769.39
103175,460.49
103176,696.92
103177,262.6
103178,770.34
103179,838.91
103180,1218.87
103181,708.51
103182,424.07
103183,576.48
103184,308.85
103185,96.19
103186,821.99
103187,402.44
103188,709.83
103189,888.64
103190,657.31
103191,1023.61
103192,628.01
103193,723.74
103194,1238.7
103195,605.31
103196,781.07
103197,177.52
103198,602.78
103199,421.9
103200,866.79
103201,788.46
103202,353.65
103203,598.86
103204,929.59
103205,751.1
103206,611.21
103207,250.79
103208,838.25
103209,704.92
103210,459.01
103211,837.6
103212,594.63
103213,428.2
103214,658.81
103215,769.1
103216,615.72
103217,739.09
103218,771.8
103219,1197.92
103220,556.41
103221,850.01
103222,287.42
103223,542.85
103224,604.13
103225,1134.96
103226,579.36
103227,485.01
103228,456.68
103229,149.69
103230,767.13
103231,288.01
103232,611.02
103233,997.57
103234,337.9
103235,940.21
103236,667.58
103237,600.04
103238,504.94
103239,636.89
103240,717.86
103241,379.48
103242,204.14
103243,726.97
103244,643.46
103245,896.61
103246,787.63
103247,872.3
103248,496.41
103249,673.33
103250,752.08
103251,728.04
103252,1012.16
103253,701.94
103254,655.79
103255,501.54
103256,434.97
103257,629.17
103258,272.26
103259,555.54
103260,696.13
103261,317.9
103262,308.3
103263,724.89
103264,244.39
103265,245.13
103266,920.08
103267,403.13
103268,356.12
103269,618.36
103270,925.73
103271,630.21
103272,503.7
103273,521.1
103274,861.72
103275,905.79
103276,390.24
103277,917.02
103278,727.11
103279,705.06
103280,863.32
103281,977.87
103282,502.07
103283,783.9
103284,1004.48
103285,479.65
103286,622.34
103287,374.11
103288,535.7
103289,535.71
103290,889.46
103291,984.72
103292,423.15
103293,847.76
103294,695.04
103295,1190.02
103296,810.92
103297,453.47
103298,850.67
103299,421.42
103300,498.87
103301,844.31
103302,329.15
103303,680.05
103304,617.46
103305,722.85
103306,516.93
103307,840.0
103308,452.1
103309,391.79
103310,613.34
103311,1333.71
103312,232.19
103313,924.36
103314,871.87
103315,250.51
103316,620.66
103317,467.01
103318,349.44
103319,426.57
103320,744.32
103321,573.74
103322,800.94
103323,742.23
103324,1165.9
103325,338.74
103326,338.58
103327,830.31
103328,442.38
103329,240.73
103330,778.17
103331,616.95
103332,389.95
103333,218.91
103334,717.88
103335,817.29
103336,314.6
103337,997.95
103338,422.03
103339,670.99
103340,257.8
103341,431.91
103342,531.52
103343,870.97
103344,605.37
103345,686.24
103346,368.08
103347,945.0
103348,695.01
103349,462.38
103350,290.91
103351,431.14
103352,771.09
103353,509.16
103354,784.79
103355,864.89
103356,239.71
103357,991.62
103358,606.32
103359,674.32
103360,556.71
103361,476.01
103362,703.57
103363,437.06
103364,611.55
103365,519.71
103366,984.89
103367,542.34
103368,493.82
103369,516.93
103370,848.82
103371,346.29
103372,438.46
103373,583.8
103374,415.16
103375,933.07
103376,433.42
103377,425.67
103378,559.02
103379,184.87
103380,580.52
103381,460.13
103382,969.94
103383,746.64
103384,280.28
103385,734.04
103386,366.35
103387,692.31
103388,321.47
103389,648.58
103390,524.8
103391,663.42
103392,442.4
103393,326.4
103394,829.86
103395,714.49
103396,643.9
103397,815.84
103398,301.89
103399,685.38
103400,702.47
103401,480.72
103402,675.92
103403,529.25
103404,678.23
103405,547.82
103406,215.3
103407,734.02
103408,581.01
103409,332.71
103410,930.12
103411,481.08
103412,713.47
103413,997.76
103414,896.79
103415,341.48
103416,769.64
103417,704.83
103418,815.63
103419,566.26
103420,1090.69
103421,686.81
103422,566.75
103423,357.07
103424,704.67
103425,325.5
103426,481.04
103427,679.26
103428,574.48
103429,466.52
103430,559.23
103431,519.54
103432,446.72
103433,753.68
103434,899.11
103435,1136.59
103436,637.82
103437,811.29
103438,663.33
103439,404.95
103440,709.61
103441,571.48
103442,461.52
103443,609.43
103444,530.59
103445,746.34
103446,506.65
103447,414.31
103448,977.31
103449,796.37
103450,1212.48
103451,872.04
103452,813.01
103453,813.18
103454,727.95
103455,575.08
103456,868.15
103457,919.64
103458,478.21
103459,1004.19
103460,421.57
103461,132.58
103462,439.12
103463,536.99
103464,463.66
103465,341.61
103466,1402.83
103467,708.85
103468,549.26
103469,580.89
103470,845.12
103471,655.28
103472,533.3
103473,857.3
103474,513.36
103475,605.24
103476,1102.18
103477,635.22
103478,708.32
103479,461.8
103480,885.97
103481,1070.57
103482,694.03
103483,666.45
103484,621.01
103485,393.44
103486,456.45
103487,632.97
103488,1084.43
103489,370.75
103490,760.44
103491,684.48
103492,607.59
103493,575.78
103494,459.95
103495,729.24
103496,444.68
103497,452.83
103498,504.29
103499,88.39
103500,348.99
103501,432.39
103502,428.53
103503,310.63
103504,554.62
103505,571.11
103506,508.0
103507,302.49
103508,611.83
103509,670.86
103510,240.9
103511,719.59
103512,600.18
103513,750.12
103514,728.95
103515,742.11
103516,768.63
103517,782.4
103518,457.72
103519,1154.39
103520,460.46
103521,440.4
103522,620.53
103523,926.2
103524,891.37
103525,604.58
103526,467.2
103527,605.97
103528,492.67
103529,1166.44
103530,334.0
103531,530.12
103532,415.47
103533,651.4
103534,787.79
103535,579.72
103536,349.74
103537,426.74
103538,894.88
103539,451.34
103540,359.33
103541,456.01
103542,441.89
103543,403.52
103544,665.55
103545,1115.44
103546,1188.02
103547,449.09
103548,610.67
103549,833.76
103550,878.33
103551,331.63
103552,747.4
103553,505.02
103554,351.25
103555,842.36
103556,671.16
103557,841.45
103558,260.42
103559,967.09
103560,861.29
103561,705.83
103562,735.1
103563,551.7
103564,1264.53
103565,467.11
103566,651.99
103567,573.8
103568,1063.48
103569,502.37
103570,670.7
103571,710.36
103572,672.26
103573,508.34
103574,669.27
103575,894.97
103576,494.63
103577,958.47
103578,677.83
103579,142.16
103580,999.82
103581,301.91
103582,415.35
103583,409.35
103584,1077.96
103585,746.26
103586,546.09
103587,1045.25
103588,1158.8
103589,1077.74
103590,332.08
103591,644.64
103592,641.58
103593,910.7
103594,665.0
103595,622.25
103596,469.73
103597,492.8
103598,637.26
103599,402.66
103600,411.33
103601,617.94
103602,751.54
103603,953.8
103604,774.56
103605,887.88
103606,291.58
103607,1117.67
103608,673.89
103609,766.01
103610,855.95
103611,590.59
103612,375.9
103613,573.08
103614,233.54
103615,340.97
103616,530.26
103617,728.1
103618,706.23
103619,308.15
103620,755.23
103621,411.7
103622,618.02
103623,434.33
103624,320.1
103625,772.31
103626,433.79
103627,228.98
103628,282.61
103629,687.45
103630,199.6
103631,741.45
103632,697.66
103633,121.49
103634,248.42
103635,799.12
103636,272.22
103637,329.89
103638,744.33
103639,519.5
103640,1103.6
103641,897.94
103642,621.89
103643,833.79
103644,1310.6
103645,1257.91
103646,749.78
103647,558.83
103648,722.49
103649,248.17
103650,804.03
103651,401.47
103652,940.75
103653,710.78
103654,486.69
103655,747.02
103656,382.27
103657,953.63
103658,803.74
103659,789.59
103660,392.29
103661,347.79
103662,393.52
103663,519.72
103664,628.65
103665,748.24
103666,638.55
103667,612.06
103668,987.75
103669,845.02
103670,529.31
103671,519.89
103672,913.14
103673,487.26
103674,776.09
103675,420.37
103676,734.3
103677,513.91
103678,606.8
103679,764.71
103680,494.39
103681,542.9
103682,223.04
103683,699.05
103684,374.78
103685,1003.43
103686,857.05
103687,246.06
103688,808.34
103689,444.92
103690,716.47
103691,318.88
103692,453.13
103693,505.79
103694,918.86
103695,410.29
103696,627.15
103697,678.96
103698,666.92
103699,741.56
103700,626.73
103701,997.3
103702,463.43
103703,395.62
103704,491.27
103705,554.43
103706,745.49
103707,632.76
103708,889.59
103709,974.38
103710,271.94
103711,866.43
103712,776.21
103713,756.98
103714,717.7
103715,370.64
103716,540.02
103717,845.79
103718,1223.8
103719,544.1
103720,572.86
103721,535.43
103722,1021.74
103723,481.89
103724,1217.07
103725,1078.02
103726,844.58
103727,963.42
103728,652.36
103729,1024.02
103730,880.85
103731,749.06
103732,336.07
103733,466.37
103734,395.92
103735,602.31
103736,815.12
103737,469.18
103738,568.19
103739,232.37
103740,761.42
103741,1062.83
103742,266.75
103743,622.01
103744,379.0
103745,974.56
103746,684.12
103747,955.33
103748,614.14
103749,612.96
103750,469.15
103751,892.24
103752,517.94
103753,824.68
103754,541.03
103755,862.38
103756,728.74
103757,402.22
103758,435.73
103759,632.16
103760,999.96
103761,309.59
103762,933.28
103763,730.46
103764,425.1
103765,167.14
103766,819.43
103767,996.09
103768,447.74
103769,728.88
103770,680.15
103771,311.66
103772,549.72
103773,394.49
103774,637.66
103775,277.68
103776,841.72
103777,767.62
103778,629.97
103779,337.33
103780,440.67
103781,237.63
103782,556.55
103783,850.99
103784,451.53
103785,829.11
103786,718.01
103787,1002.05
103788,394.5
103789,963.06
103790,1023.81
103791,463.63
103792,1013.96
103793,756.9
103794,732.83
103795,616.19
103796,459.37
103797,723.48
103798,500.4
103799,322.67
103800,485.92
103801,742.67
103802,824.44
103803,662.14
103804,438.57
103805,369.43
103806,578.33
103807,433.09
103808,351.24
103809,799.1
103810,686.73
103811,749.07
103812,452.9
103813,930.04
103814,282.79
103815,953.31
103816,609.92
103817,1039.14
103818,1104.09
103819,863.35
103820,847.95
103821,421.09
103822,456.54
103823,823.17
103824,864.47
103825,589.77
103826,890.23
103827,725.6
103828,867.38
103829,420.49
103830,643.52
103831,686.98
103832,237.24
103833,619.43
103834,662.87
103835,452.17
103836,409.61
103837,691.36
103838,636.0
103839,566.8
103840,391.14
103841,968.31
103842,931.58
103843,398.98
103844,827.81
103845,565.85
103846,535.63
103847,913.99
103848,620.09
103849,468.55
103850,999.49
103851,909.37
103852,1091.98
103853,829.42
103854,924.1
103855,347.95
103856,463.8
103857,753.21
103858,336.32
103859,814.74
103860,713.17
103861,768.7
103862,313.66
103863,968.17
103864,584.64
103865,776.58
103866,795.25
103867,854.12
103868,583.08
103869,1116.72
103870,949.96
103871,422.17
103872,331.78
103873,518.1
103874,799.84
103875,841.74
103876,1036.97
103877,693.05
103878,911.54
103879,720.73
103880,520.76
103881,334.14
103882,610.41
103883,874.1
103884,998.79
103885,456.59
103886,402.56
103887,333.44
103888,751.36
103889,634.2
103890,1026.0
103891,867.32
103892,711.25
103893,522.19
103894,766.49
103895,452.42
103896,1136.8
103897,552.81
103898,307.17
103899,316.54
103900,363.48
103901,222.51
103902,328.88
103903,848.52
103904,536.95
103905,223.88
103906,584.54
103907,380.58
103908,515.25
103909,810.04
103910,613.88
103911,718.07
103912,602.48
103913,722.98
103914,524.61
103915,297.07
103916,216.5
103917,861.1
103918,709.25
103919,476.72
103920,708.63
103921,374.29
103922,302.79
103923,162.02
103924,1061.57
103925,685.94
103926,919.33
103927,696.34
103928,680.04
103929,735.82
103930,317.04
103931,334.1
103932,658.54
103933,620.4
103934,582.81
103935,310.82
103936,516.96
103937,844.68
103938,1008.79
103939,278.16
103940,708.18
103941,690.04
103942,724.87
103943,1011.62
103944,251.5
103945,468.92
103946,605.67
103947,447.91
103948,544.86
103949,881.82
103950,1012.88
103951,496.26
103952,798.42
103953,769.68
103954,442.04
103955,508.26
103956,169.44
103957,446.6
103958,549.43
103959,723.4
103960,658.02
103961,231.15
103962,376.55
103963,645.31
103964,300.6
103965,328.52
103966,834.32
103967,364.3
103968,982.55
103969,559.69
103970,96.59
103971,330.58
103972,694.95
103973,553.13
103974,558.11
103975,868.04
103976,527.71
103977,452.78
103978,522.88
103979,497.94
103980,485.49
103981,358.13
103982,866.05
103983,746.94
103984,564.65
103985,404.83
103986,628.15
103987,679.94
103988,575.88
103989,262.6
103990,834.59
103991,665.4
103992,477.75
103993,745.55
103994,358.49
103995,626.59
103996,356.8
103997,371.28
103998,665.79
103999,375.74
104000,974.0
104001,571.37
104002,557.43
104003,765.11
104004,813.38
104005,844.16
104006,833.84
104007,348.88
104008,677.61
104009,603.68
104010,481.33
104011,570.61
104012,510.55
104013,620.37
104014,377.85
104015,982.21
104016,528.56
104017,1196.74
104018,347.66
104019,245.32
104020,251.21
104021,616.5
104022,536.97
104023,446.72
104024,273.72
104025,550.25
104026,616.34
104027,547.9
104028,813.36
104029,767.04
104030,879.87
104031,1056.17
104032,518.54
104033,756.21
104034,488.45
104035,673.71
104036,612.34
104037,521.82
104038,622.28
104039,571.1
104040,307.67
104041,803.36
104042,931.62
104043,730.89
104044,868.28
104045,295.91
104046,1212.94
104047,979.5
104048,369.99
104049,539.3
104050,1214.33
104051,546.98
104052,361.35
104053,529.83
104054,532.21
104055,891.31
104056,586.02
104057,763.71
104058,863.04
104059,1084.16
104060,459.32
104061,564.93
104062,591.96
104063,777.2
104064,862.97
104065,567.68
104066,572.17
104067,215.61
104068,830.52
104069,683.35
104070,618.39
104071,227.12
104072,259.14
104073,509.18
104074,857.6
104075,443.33
104076,718.46
104077,862.62
104078,1092.41
104079,795.15
104080,646.92
104081,857.19
104082,715.16
104083,613.58
104084,343.64
104085,737.18
104086,1169.58
104087,510.97
104088,684.68
104089,153.97
104090,696.0
104091,865.42
104092,753.75
104093,657.67
104094,698.52
104095,755.51
104096,304.72
104097,624.53
104098,678.95
104099,581.1
104100,1001.89
104101,895.41
104102,313.35
104103,940.36
104104,500.25
104105,766.45
104106,651.38
104107,530.38
104108,600.72
104109,784.32
104110,531.16
104111,929.76
104112,679.3
104113,403.6
104114,1254.57
104115,822.5
104116,750.14
104117,307.52
104118,378.33
104119,525.64
104120,715.38
104121,349.16
104122,259.53
104123,521.55
104124,651.84
104125,717.79
104126,560.63
104127,933.91
104128,505.2
104129,430.25
104130,257.02
104131,408.17
104132,738.92
104133,740.74
104134,284.5
104135,722.93
104136,215.56
104137,811.02
104138,200.58
104139,841.43
104140,735.08
104141,789.75
104142,713.86
104143,805.26
104144,376.38
104145,591.56
104146,992.27
104147,725.9
104148,543.47
104149,662.87
104150,616.95
104151,274.78
104152,883.9
104153,796.26
104154,354.1
104155,356.89
104156,963.66
104157,966.2
104158,439.6
104159,352.74
104160,522.63
104161,379.58
104162,647.72
104163,829.49
104164,801.11
104165,390.75
104166,520.62
104167,869.8
104168,740.78
104169,520.74
104170,441.72
104171,839.73
104172,735.98
104173,779.72
104174,338.09
104175,345.73
104176,260.49
104177,586.31
104178,432.52
104179,539.31
104180,387.3
104181,283.69
104182,538.71
104183,912.48
104184,822.25
104185,636.88
104186,253.32
104187,873.83
104188,492.92
104189,827.16
104190,1159.88
104191,378.71
104192,376.81
104193,788.44
104194,481.03
104195,333.36
104196,378.21
104197,496.89
104198,589.31
104199,1174.11
104200,825.96
104201,855.33
104202,417.43
104203,449.19
104204,212.68
104205,434.42
104206,480.56
104207,718.69
104208,541.72
104209,495.19
104210,516.45
104211,768.5
104212,1116.6
104213,633.24
104214,477.32
104215,902.91
104216,459.75
104217,650.86
104218,361.32
104219,706.45
104220,764.75
104221,501.78
104222,439.64
104223,552.03
104224,871.52
104225,473.73
104226,790.73
104227,1297.0
104228,899.56
104229,1157.32
104230,250.03
104231,432.6
104232,779.08
104233,544.98
104234,915.15
104235,409.65
104236,948.77
104237,351.71
104238,424.46
104239,1037.53
104240,817.72
104241,768.13
104242,764.88
104243,716.48
104244,615.14
104245,743.61
104246,826.83
104247,585.68
104248,607.19
104249,805.43
104250,242.07
104251,429.38
104252,989.16
104253,604.44
104254,479.69
104255,605.95
104256,681.79
104257,442.76
104258,714.61
104259,673.28
104260,652.1
104261,874.91
104262,846.84
104263,699.52
104264,273.55
104265,772.89
104266,681.54
104267,511.96
104268,728.64
104269,759.64
104270,355.67
104271,659.98
104272,924.45
104273,449.34
104274,1068.48
104275,447.78
104276,392.47
104277,395.03
104278,515.07
104279,945.22
104280,1144.05
104281,558.35
104282,848.3
104283,283.86
104284,441.01
104285,758.62
104286,820.86
104287,463.38
104288,350.79
104289,697.05
104290,280.69
104291,549.08
104292,401.9
104293,480.79
104294,1053.2
104295,468.95
104296,603.16
104297,830.5
104298,1012.52
104299,348.92
104300,617.53
104301,880.5
104302,129.75
104303,476.23
104304,945.22
104305,367.02
104306,661.73
104307,683.31
104308,813.1
104309,376.97
104310,701.03
104311,466.54
104312,364.48
104313,619.5
104314,858.24
104315,550.4
104316,429.28
104317,635.17
104318,495.51
104319,954.37
104320,724.93
104321,953.95
104322,510.45
104323,693.49
104324,464.48
104325,646.55
104326,537.78
104327,195.58
104328,530.53
104329,639.13
104330,850.65
104331,952.29
104332,755.79
104333,313.5
104334,408.52
104335,425.22
104336,1137.96
104337,897.8
104338,551.47
104339,569.64
104340,963.5
104341,375.93
104342,798.63
104343,421.85
104344,639.53
104345,654.08
104346,257.09
104347,779.14
104348,752.54
104349,367.67
104350,452.92
104351,329.63
104352,666.72
104353,1039.52
104354,1103.5
104355,489.53
104356,837.42
104357,400.25
104358,708.66
104359,645.76
104360,698.23
104361,780.07
104362,490.18
104363,457.2
104364,758.31
104365,323.07
104366,620.85
104367,386.53
104368,984.4
104369,689.44
104370,276.12
104371,626.77
104372,674.53
104373,291.17
104374,511.43
104375,348.3
104376,561.54
104377,914.39
104378,598.64
104379,280.84
104380,520.28
104381,376.71
104382,799.44
104383,657.14
104384,472.31
104385,870.52
104386,564.28
104387,971.79
104388,454.15
104389,751.0
104390,611.07
104391,813.59
104392,909.38
104393,295.79
104394,469.71
104395,198.15
104396,423.63
104397,408.77
104398,476.0
104399,420.24
104400,582.03
104401,334.47
104402,822.75
104403,523.12
104404,555.5
104405,478.35
104406,614.31
104407,545.33
104408,257.11
104409,749.9
104410,325.21
104411,1197.51
104412,634.69
104413,720.33
104414,441.83
104415,897.18
104416,888.57
104417,323.68
104418,470.9
104419,554.79
104420,605.6
104421,462.75
104422,1013.63
104423,704.24
104424,860.89
104425,825.93
104426,969.75
104427,707.92
104428,651.2
104429,677.46
104430,893.22
104431,623.86
104432,992.01
104433,1247.01
104434,648.17
104435,352.07
104436,371.76
104437,704.96
104438,550.76
104439,727.29
104440,591.35
104441,755.47
104442,718.85
104443,749.03
104444,948.92
104445,633.32
104446,957.01
104447,547.89
104448,733.51
104449,1001.02
104450,359.06
104451,1131.69
104452,414.56
104453,743.67
104454,937.32
104455,440.21
104456,589.42
104457,717.24
104458,813.6
104459,608.64
104460,748.8
104461,452.62
104462,953.66
104463,611.04
104464,382.35
104465,539.42
104466,731.43
104467,501.61
104468,621.95
104469,452.9
104470,1176.65
104471,377.72
104472,804.37
104473,836.64
104474,689.34
104475,785.25
104476,399.46
104477,756.5
104478,532.72
104479,389.49
104480,514.25
104481,198.76
104482,600.33
104483,637.1
104484,612.49
104485,867.74
104486,1006.16
104487,520.81
104488,1017.26
104489,247.24
104490,557.47
104491,346.45
104492,636.2
104493,831.2
104494,438.97
104495,706.83
104496,987.4
104497,235.74
104498,916.47
104499,570.41
104500,427.39
104501,308.3
104502,386.88
104503,713.78
104504,179.83
104505,223.83
104506,605.26
104507,456.13
104508,459.66
104509,588.56
104510,367.91
104511,326.56
104512,539.49
104513,480.96
104514,546.66
104515,237.58
104516,755.63
104517,1062.67
104518,677.27
104519,714.16
104520,404.51
104521,522.73
104522,884.78
104523,1213.72
104524,410.81
104525,396.44
104526,972.78
104527,1120.03
104528,469.99
104529,1077.71
104530,529.44
104531,876.21
104532,542.79
104533,974.32
104534,749.24
104535,749.95
104536,697.42
104537,532.88
104538,835.32
104539,367.0
104540,334.9
104541,822.92
104542,391.01
104543,752.28
104544,764.26
104545,501.12
104546,163.84
104547,364.38
104548,437.96
104549,510.29
104550,253.87
104551,853.52
104552,1021.44
104553,1014.13
104554,492.17
104555,691.41
104556,367.96
104557,678.37
104558,663.14
104559,760.96
104560,768.75
104561,497.38
104562,574.22
104563,172.52
104564,550.05
104565,555.56
104566,729.9
104567,502.94
104568,486.62
104569,643.56
104570,725.67
104571,262.96
104572,571.17
104573,203.02
104574,570.94
104575,791.92
104576,620.84
104577,485.15
104578,909.4
104579,328.9
104580,562.52
104581,337.13
104582,642.96
104583,992.59
104584,335.86
104585,932.9
104586,983.11
104587,838.86
104588,617.38
104589,1074.91
104590,765.11
104591,761.07
104592,713.61
104593,906.77
104594,441.98
104595,596.78
104596,319.01
104597,825.52
104598,324.53
104599,642.14
104600,616.53
104601,398.84
104602,938.09
104603,515.66
104604,926.11
104605,598.88
104606,1011.3
104607,605.58
104608,982.56
104609,210.53
104610,315.73
104611,719.96
104612,1001.28
104613,359.51
104614,322.75
104615,572.37
104616,247.53
104617,577.09
104618,423.96
104619,715.46
104620,408.12
104621,601.28
104622,506.49
104623,963.83
104624,602.15
104625,805.15
104626,206.78
104627,743.06
104628,551.39
104629,293.13
104630,820.05
104631,809.86
104632,525.18
104633,628.15
104634,561.27
104635,737.7
104636,785.23
104637,642.54
104638,1059.72
104639,710.37
104640,418.51
104641,820.45
104642,1102.56
104643,475.41
104644,622.11
104645,902.1
104646,196.55
104647,713.35
104648,504.8
104649,1040.14
104650,1069.12
104651,460.65
104652,660.0
104653,422.49
104654,1009.37
104655,441.4
104656,586.84
104657,558.32
104658,338.78
104659,719.07
104660,258.39
104661,485.96
104662,755.8
104663,425.49
104664,517.55
104665,792.16
104666,538.71
104667,966.89
104668,1079.25
104669,632.25
104670,748.42
104671,356.45
104672,786.01
104673,435.22
104674,489.97
104675,576.7
104676,652.66
104677,370.25
104678,581.93
104679,440.41
104680,302.66
104681,955.99
104682,377.4
104683,516.68
104684,434.69
104685,946.15
104686,339.82
104687,307.69
104688,566.41
104689,945.39
104690,331.01
104691,608.9
104692,955.9
104693,650.6
104694,438.73
104695,597.36
104696,905.61
104697,847.25
104698,991.42
104699,546.14
104700,210.67
104701,815.51
104702,839.18
104703,795.0
104704,555.29
104705,508.48
104706,282.5
104707,637.42
104708,736.51
104709,777.49
104710,504.28
104711,491.78
104712,707.25
104713,440.97
104714,417.71
104715,717.79
104716,557.57
104717,305.37
104718,921.93
104719,569.32
104720,520.22
104721,425.93
104722,385.91
104723,770.3
104724,666.67
104725,723.33
104726,540.41
104727,920.15
104728,465.32
104729,307.34
104730,715.01
104731,549.17
104732,657.37
104733,415.55
104734,608.55
104735,444.31
104736,931.73
104737,363.79
104738,869.53
104739,447.02
104740,762.02
104741,445.78
104742,953.88
104743,464.39
104744,438.06
104745,324.43
104746,371.25
104747,636.99
104748,890.62
104749,960.04
104750,224.73
104751,615.3
104752,561.2
104753,284.14
104754,500.41
104755,504.82
104756,935.4
104757,1088.51
104758,349.55
104759,332.87
104760,775.26
104761,788.51
104762,595.04
104763,307.52
104764,639.2
104765,342.28
104766,766.13
104767,796.69
104768,662.91
104769,674.76
104770,863.64
104771,712.99
104772,753.3
104773,610.58
104774,498.55
104775,1110.9
104776,546.06
104777,685.96
104778,272.89
104779,693.89
104780,677.74
104781,669.58
104782,513.37
104783,606.96
104784,346.15
104785,754.84
104786,559.66
104787,532.53
104788,317.75
104789,583.3
104790,727.73
104791,788.49
104792,325.09
104793,389.54
104794,919.25
104795,349.18
104796,937.2
104797,386.93
104798,584.35
104799,405.17
104800,793.93
104801,709.33
104802,765.82
104803,791.1
104804,507.27
104805,979.53
104806,801.35
104807,504.22
104808,399.55
104809,481.27
104810,945.18
104811,367.39
104812,884.43
104813,830.42
104814,585.09
104815,281.69
104816,659.71
104817,452.11
104818,880.03
104819,841.93
104820,728.61
104821,638.47
104822,1008.15
104823,638.34
104824,406.57
104825,710.58
104826,531.46
104827,1016.93
104828,359.36
104829,891.58
104830,613.46
104831,1088.28
104832,929.81
104833,739.02
104834,566.61
104835,616.55
104836,185.01
104837,583.06
104838,775.68
104839,569.81
104840,599.12
104841,437.71
104842,371.56
104843,895.34
104844,563.41
104845,271.23
104846,407.06
104847,443.74
104848,703.08
104849,578.93
104850,523.06
104851,482.73
104852,440.56
104853,844.5
104854,564.64
104855,656.08
104856,413.32
104857,607.4
104858,482.22
104859,430.43
104860,824.16
104861,600.16
104862,536.52
104863,439.01
104864,931.92
104865,622.55
104866,641.22
104867,978.49
104868,365.77
104869,418.55
104870,724.45
104871,694.22
104872,600.27
104873,868.76
104874,506.86
104875,642.54
104876,271.14
104877,149.0
104878,859.44
104879,567.41
104880,597.12
104881,1008.11
104882,376.54
104883,683.63
104884,395.99
104885,674.04
104886,625.13
104887,670.47
104888,829.78
104889,656.72
104890,807.7
104891,473.21
104892,487.63
104893,382.96
104894,1034.42
104895,611.88
104896,1002.31
104897,385.21
104898,411.59
104899,761.43
104900,522.47
104901,963.03
104902,783.96
104903,503.28
104904,386.77
104905,134.38
104906,847.77
104907,812.22
104908,419.49
104909,813.38
104910,949.93
104911,459.68
104912,642.73
104913,1016.87
104914,561.62
104915,304.07
104916,488.94
104917,667.4
104918,772.02
104919,383.03
104920,408.86
104921,905.62
104922,310.24
104923,707.18
104924,602.39
104925,251.85
104926,523.59
104927,447.0
104928,956.71
104929,623.1
104930,774.88
104931,718.43
104932,1204.75
104933,295.55
104934,852.27
104935,363.1
104936,394.37
104937,1271.31
104938,595.38
104939,624.3
104940,839.68
104941,884.94
104942,531.12
104943,568.75
104944,726.95
104945,977.86
104946,694.28
104947,1027.92
104948,372.0
104949,300.92
104950,432.1
104951,327.43
104952,1114.09
104953,577.61
104954,1067.33
104955,536.44
104956,562.78
104957,546.09
104958,563.87
104959,715.59
104960,1082.71
104961,366.2
104962,1079.51
104963,491.29
104964,469.02
104965,642.99
104966,717.03
104967,1176.99
104968,507.48
104969,508.76
104970,635.52
104971,934.54
104972,504.77
104973,334.36
104974,644.09
104975,366.24
104976,285.34
104977,407.76
104978,498.78
104979,442.42
104980,1087.2
104981,457.79
104982,775.71
104983,481.34
104984,508.44
104985,356.06
104986,965.6
104987,904.43
104988,1055.9
104989,314.52
104990,1129.69
104991,455.61
104992,964.57
104993,623.07
104994,711.57
104995,1038.53
104996,282.81
104997,676.73
104998,746.51
104999,598.63
105000,779.47
